nombre_cientifico,country,latitud,longitud,fecha_evento
"Lynx pardinus (Temminck, 1827)",Spain,38.037721,-3.85069,2025-01-02T17:45
"Lynx pardinus (Temminck, 1827)",Spain,38.195027,-3.960468,2025-01-03T09:30
"Lynx pardinus (Temminck, 1827)",Spain,38.14765,-3.841432,2025-01-03T16:55
"Lynx pardinus (Temminck, 1827)",Spain,38.02909,-4.098282,2025-01-02T14:48
"Lynx pardinus (Temminck, 1827)",Spain,38.297654,-3.809378,2025-01-13T16:31:34
"Lynx pardinus (Temminck, 1827)",Spain,38.231514,-4.172509,2025-01-13T00:26
"Lynx pardinus (Temminck, 1827)",Spain,38.299913,-3.822485,2025-01-12T00:14:57
"Lynx pardinus (Temminck, 1827)",Spain,38.017848,-3.968144,2025-01-19T11:28
"Lynx pardinus (Temminck, 1827)",Portugal,37.641412,-7.710715,2025-01-18T16:20Z
"Lynx pardinus (Temminck, 1827)",Portugal,37.745891,-7.698204,2025-01-18
"Lynx pardinus (Temminck, 1827)",Spain,38.152268,-3.861423,2025-01-18T13:55
"Lynx pardinus (Temminck, 1827)",Spain,38.476123,-2.843262,2025-01-17T09:42
"Lynx pardinus (Temminck, 1827)",Spain,38.496961,-3.47848,2025-01-14T11:49:40
"Lynx pardinus (Temminck, 1827)",Spain,38.30483,-3.941766,2025-01-23T12:49:26
"Lynx pardinus (Temminck, 1827)",Portugal,37.666071,-7.873299,2025-01-18
"Lynx pardinus (Temminck, 1827)",Portugal,37.639649,-7.800352,2025-01-19
"Lynx pardinus (Temminck, 1827)",Spain,38.252306,-3.928317,2025-02-01T15:02:58
"Lynx pardinus (Temminck, 1827)",Spain,37.226988,-6.109532,2025-02-07T20:07
"Lynx pardinus (Temminck, 1827)",Spain,38.580532,-2.991506,2025-02-12T10:19
"Lynx pardinus (Temminck, 1827)",Spain,38.412622,-2.892422,2025-02-25T17:33
"Lynx pardinus (Temminck, 1827)",Spain,38.540794,-2.804091,2025-03-02T17:57
"Lynx pardinus (Temminck, 1827)",Spain,38.156904,-3.93615,2025-03-07T09:28
"Lynx pardinus (Temminck, 1827)",Spain,38.166153,-3.898977,2025-03-07T08:14
"Lynx pardinus (Temminck, 1827)",Spain,42.170078,-4.365857,2025-03-19T18:44
"Lynx pardinus (Temminck, 1827)",Spain,38.065302,-3.87144,2025-03-04T17:53:04
"Lynx pardinus (Temminck, 1827)",Spain,38.13115,-3.910604,2025-04-12T09:16:39
"Lynx pardinus (Temminck, 1827)",Spain,37.124524,-6.486976,2025-04-12T11:09:35
"Lynx pardinus (Temminck, 1827)",Spain,38.288255,-3.927828,2025-04-20T19:15:21
"Lynx pardinus (Temminck, 1827)",Spain,38.299764,-3.897218,2025-04-19T14:58:20
"Lynx pardinus (Temminck, 1827)",Spain,38.343384,-3.868453,2025-04-02T09:21
"Lynx pardinus (Temminck, 1827)",Spain,38.383182,-3.93034,2025-04-20T18:29:24
"Lynx pardinus (Temminck, 1827)",Spain,38.380118,-3.944067,2025-04-24T07:52:06
"Lynx pardinus (Temminck, 1827)",Spain,38.314571,-3.858449,2025-04-26T10:29:22
"Lynx pardinus (Temminck, 1827)",Spain,37.204797,-6.382171,2025-04-20T02:28
"Lynx pardinus (Temminck, 1827)",Spain,37.145261,-6.485529,2025-04-17T09:10:39
"Lynx pardinus (Temminck, 1827)",Spain,38.986008,-6.84226,2025-04-16T10:53
"Lynx pardinus (Temminck, 1827)",Spain,38.307754,-3.92164,2025-04-20T19:15:21
"Lynx pardinus (Temminck, 1827)",Portugal,37.616471,-7.68363,2025-05-12T05:34:21
"Lynx pardinus (Temminck, 1827)",Spain,38.437705,-2.950021,2025-05-19T15:01
"Lynx pardinus (Temminck, 1827)",Spain,37.164106,-6.460131,2025-05-30T14:37:03
"Lynx pardinus (Temminck, 1827)",Portugal,37.71605,-7.872691,2025-05-24T21:33:28
"Lynx pardinus (Temminck, 1827)",Spain,37.105601,-6.406796,2025-05-06T08:03:06
"Lynx pardinus (Temminck, 1827)",Spain,38.299626,-4.093614,2025-05-25T06:53
"Lynx pardinus (Temminck, 1827)",Spain,38.085353,-3.923756,2025-09-08T20:53:55
"Lynx pardinus (Temminck, 1827)",Portugal,37.559976,-7.699017,2025-09-12T07:35:08
"Lynx pardinus (Temminck, 1827)",Spain,38.17434,-3.994082,2025-09-08T19:33
"Lynx pardinus (Temminck, 1827)",Spain,38.057799,-3.824561,2025-09-08T19:35
"Lynx pardinus (Temminck, 1827)",Spain,38.144258,-3.948939,2025-09-08T19:36
"Lynx pardinus (Temminck, 1827)",Spain,38.122485,-3.824602,2025-09-08T19:35
"Lynx pardinus (Temminck, 1827)",Spain,38.173494,-3.915161,2025-09-30T18:34:54
"Lynx pardinus (Temminck, 1827)",Spain,38.389239,-3.993692,2024-01-04T12:18
"Lynx pardinus (Temminck, 1827)",Spain,38.010681,-3.913192,2024-01-08T17:41
"Lynx pardinus (Temminck, 1827)",Spain,38.183545,-3.928687,2024-01-13T14:14
"Lynx pardinus (Temminck, 1827)",Spain,38.019296,-3.917655,2024-01-21T10:50
"Lynx pardinus (Temminck, 1827)",Spain,38.316036,-3.823035,2024-01-20T12:30
"Lynx pardinus (Temminck, 1827)",Spain,38.211246,-3.853317,2024-01-15T11:28:12
"Lynx pardinus (Temminck, 1827)",Spain,38.158742,-4.098555,2024-01-28T11:41:19
"Lynx pardinus (Temminck, 1827)",Spain,38.341552,-3.981186,2024-01-27T18:14
"Lynx pardinus (Temminck, 1827)",Spain,38.385662,-4.07981,2024-01-27T18:12:45
"Lynx pardinus (Temminck, 1827)",Spain,38.264434,-3.960366,2024-01-20T12:55
"Lynx pardinus (Temminck, 1827)",Spain,38.123003,-3.838894,2024-01-21T09:37
"Lynx pardinus (Temminck, 1827)",Portugal,37.269033,-7.516018,2024-02-04T17:11Z
"Lynx pardinus (Temminck, 1827)",Spain,38.20447,-4.122221,2024-02-21T11:26:02
"Lynx pardinus (Temminck, 1827)",Spain,37.065653,-6.468142,2024-02-14T18:04:45
"Lynx pardinus (Temminck, 1827)",Spain,37.393591,-6.28771,2024-02-15T09:50:59
"Lynx pardinus (Temminck, 1827)",Spain,37.33151,-6.233889,2024-02-14T08:48:38
"Lynx pardinus (Temminck, 1827)",Portugal,37.644327,-7.778178,2024-02-27T21:20:19Z
"Lynx pardinus (Temminck, 1827)",Portugal,37.731022,-7.680957,2024-02-27T22:06:06Z
"Lynx pardinus (Temminck, 1827)",Portugal,37.786238,-7.65779,2024-02-27T21:26:16Z
"Lynx pardinus (Temminck, 1827)",Spain,38.022292,-4.175499,2024-03-27T19:54:14
"Lynx pardinus (Temminck, 1827)",Spain,38.26106,-3.829237,2024-03-04T10:28
"Lynx pardinus (Temminck, 1827)",Spain,38.381251,-3.810747,2024-03-28T00:09
"Lynx pardinus (Temminck, 1827)",Spain,38.309448,-3.987015,2024-03-28T11:09
"Lynx pardinus (Temminck, 1827)",Spain,38.02488,-3.951647,2024-04-16T18:05
"Lynx pardinus (Temminck, 1827)",Spain,38.171281,-3.963752,2024-04-16T18:28:03
"Lynx pardinus (Temminck, 1827)",Spain,38.071814,-3.926276,2024-04-29T19:56
"Lynx pardinus (Temminck, 1827)",Spain,38.01841,-3.83711,2024-04-29T19:40
"Lynx pardinus (Temminck, 1827)",Spain,38.04025,-3.806685,2024-04-29T13:53
"Lynx pardinus (Temminck, 1827)",Spain,38.19003,-3.884915,2024-04-29T18:37
"Lynx pardinus (Temminck, 1827)",Spain,38.455053,-2.995491,2024-04-01T19:35
"Lynx pardinus (Temminck, 1827)",Spain,38.337352,-3.807973,2024-05-10T16:25:21
"Lynx pardinus (Temminck, 1827)",Portugal,37.613147,-7.691755,2024-05-18T16:41
"Lynx pardinus (Temminck, 1827)",Spain,37.095744,-6.442401,2024-05-31T11:29
"Lynx pardinus (Temminck, 1827)",Spain,36.741553,-3.139231,2024-07-16T07:28
"Lynx pardinus (Temminck, 1827)",Spain,37.353321,-6.311458,2024-07-25T21:02
"Lynx pardinus (Temminck, 1827)",Spain,39.788643,-4.101433,2024-07-01T22:18
"Lynx pardinus (Temminck, 1827)",Spain,39.609115,-4.118843,2024-07-01T17:48
"Lynx pardinus (Temminck, 1827)",Spain,38.439304,-3.430844,2024-07-18T18:51
"Lynx pardinus (Temminck, 1827)",Spain,37.251277,-6.263608,2024-08-27T19:02
"Lynx pardinus (Temminck, 1827)",Spain,37.3734,-6.308862,2024-08-26T20:12:54
"Lynx pardinus (Temminck, 1827)",Spain,37.282569,-6.345327,2024-08-27T21:09:02
"Lynx pardinus (Temminck, 1827)",Spain,37.192234,-6.568791,2024-08-23T10:17
"Lynx pardinus (Temminck, 1827)",Spain,38.099271,-3.820045,2024-09-01T09:59
"Lynx pardinus (Temminck, 1827)",Spain,38.119522,-4.383814,2024-09-27T15:41
"Lynx pardinus (Temminck, 1827)",Spain,38.060066,-4.33222,2024-09-28T15:41
"Lynx pardinus (Temminck, 1827)",Spain,38.148515,-4.351301,2024-09-29T15:41
"Lynx pardinus (Temminck, 1827)",Spain,37.184206,-6.470566,2024-10-07T10:05:09
"Lynx pardinus (Temminck, 1827)",Spain,37.367417,-6.333876,2024-10-19T08:25
"Lynx pardinus (Temminck, 1827)",Spain,38.446216,-2.959852,2024-10-12T18:19
"Lynx pardinus (Temminck, 1827)",Spain,38.435898,-2.827487,2024-10-27T17:25
"Lynx pardinus (Temminck, 1827)",Portugal,37.740419,-7.796108,2024-10-21T11:12
"Lynx pardinus (Temminck, 1827)",Portugal,37.789345,-7.780115,2024-10-21T11:10
"Lynx pardinus (Temminck, 1827)",Spain,38.201593,-3.934103,2024-10-12T18:45
"Lynx pardinus (Temminck, 1827)",Spain,38.387838,-3.873688,2024-11-23T17:43
"Lynx pardinus (Temminck, 1827)",Spain,38.515178,-3.491364,2024-12-10T08:12:46
"Lynx pardinus (Temminck, 1827)",Spain,38.394974,-3.89113,2024-12-22T14:28:17
"Lynx pardinus (Temminck, 1827)",Spain,37.159326,-6.57885,2024-12-27
"Lynx pardinus (Temminck, 1827)",Spain,38.513694,-2.966983,2024-12-07T10:46
"Lynx pardinus (Temminck, 1827)",Spain,37.173925,-6.578209,2024-12-27T10:25:42
"Lynx pardinus (Temminck, 1827)",Spain,38.233889,-3.919997,2024-12-28T11:04:51
"Lynx pardinus (Temminck, 1827)",Portugal,37.388509,-7.485363,2024-12-15T08:37Z
"Lynx pardinus (Temminck, 1827)",Spain,38.56268,-3.50491,2024-12-10T16:59
"Lynx pardinus (Temminck, 1827)",Spain,38.312702,-3.778393,2024-12-09T10:19:26
"Lynx pardinus (Temminck, 1827)",Spain,39.679843,-4.013105,2024-12-15T16:24:07
"Lynx pardinus (Temminck, 1827)",Spain,38.309992,-4.095434,2023-01-04T13:47:12
"Lynx pardinus (Temminck, 1827)",Spain,38.058798,-3.590104,2023-01-02T22:39
"Lynx pardinus (Temminck, 1827)",Spain,38.108579,-3.766173,2023-01-16T22:39
"Lynx pardinus (Temminck, 1827)",Spain,38.30079,-3.802563,2023-01-24T16:01
"Lynx pardinus (Temminck, 1827)",Spain,38.172796,-3.962175,2023-01-27T18:10
"Lynx pardinus (Temminck, 1827)",Spain,38.398727,-3.83962,2023-01-25T19:16
"Lynx pardinus (Temminck, 1827)",Spain,38.104275,-3.983794,2023-01-15T09:35:20
"Lynx pardinus (Temminck, 1827)",Spain,38.20975,-3.9529,2023-01-23
"Lynx pardinus (Temminck, 1827)",Spain,38.104497,-3.850657,2023-02-03T14:01
"Lynx pardinus (Temminck, 1827)",Spain,37.074563,-6.496919,2023-02-04T08:36:10
"Lynx pardinus (Temminck, 1827)",Spain,38.343966,-3.948988,2023-02-07T16:20:29
"Lynx pardinus (Temminck, 1827)",Spain,37.23655,-6.122632,2023-02-11T18:35:28
"Lynx pardinus (Temminck, 1827)",Portugal,37.983503,-7.703742,2023-02-26T16:44:41Z
"Lynx pardinus (Temminck, 1827)",Spain,38.054615,-3.879094,2023-02-26T09:02
"Lynx pardinus (Temminck, 1827)",Spain,37.087357,-6.413356,2023-02-04T16:51:20
"Lynx pardinus (Temminck, 1827)",Portugal,37.870341,-7.635483,2023-02-26T17:09:53Z
"Lynx pardinus (Temminck, 1827)",Spain,38.264669,-4.122992,2023-02-10T12:43
"Lynx pardinus (Temminck, 1827)",Spain,38.283724,-4.13071,2023-02-10T12:43
"Lynx pardinus (Temminck, 1827)",Spain,38.32427,-4.088902,2023-02-08T12:43
"Lynx pardinus (Temminck, 1827)",Spain,38.284667,-4.181762,2023-02-09T12:43
"Lynx pardinus (Temminck, 1827)",Spain,38.274405,-4.076284,2023-02-08T12:43
"Lynx pardinus (Temminck, 1827)",Spain,37.166587,-6.408883,2023-02-04T09:03:47
"Lynx pardinus (Temminck, 1827)",Spain,38.291924,-3.914936,2023-02-17T15:35
"Lynx pardinus (Temminck, 1827)",Spain,38.007002,-4.076203,2023-03-05T14:50
"Lynx pardinus (Temminck, 1827)",Spain,38.381259,-3.895495,2023-03-12T14:12:38
"Lynx pardinus (Temminck, 1827)",Spain,37.19886,-6.565736,2023-03-16T12:24:40
"Lynx pardinus (Temminck, 1827)",Spain,38.841597,-3.713736,2023-03-05T10:16
"Lynx pardinus (Temminck, 1827)",Spain,37.131358,-6.526137,2023-04-19T20:55
"Lynx pardinus (Temminck, 1827)",Spain,38.413271,-3.539677,2023-04-08
"Lynx pardinus (Temminck, 1827)",Spain,38.177926,-4.062655,2023-05-07T08:54:01
"Lynx pardinus (Temminck, 1827)",Spain,37.15181,-6.414363,2023-08-15T17:29:09
"Lynx pardinus (Temminck, 1827)",Spain,38.325037,-4.260947,2023-08-22T19:18:40
"Lynx pardinus (Temminck, 1827)",Spain,38.086463,-3.897757,2023-09-09T08:25
"Lynx pardinus (Temminck, 1827)",Spain,40.131437,-4.672424,2023-10-09T12:08:19
"Lynx pardinus (Temminck, 1827)",Spain,37.665335,-4.18077,2023-11-18T09:42
"Lynx pardinus (Temminck, 1827)",Spain,37.151712,-6.512326,2023-12-02T09:55:04
"Lynx pardinus (Temminck, 1827)",Spain,38.213752,-3.966033,2023-12-24T10:33
"Lynx pardinus (Temminck, 1827)",Spain,37.246125,-6.316831,2023-12-29T09:59:59
"Lynx pardinus (Temminck, 1827)",Spain,38.226595,-3.953326,2023-12-15T16:51
"Lynx pardinus (Temminck, 1827)",Spain,38.229428,-3.85196,2023-12-24T09:58
"Lynx pardinus (Temminck, 1827)",Spain,37.365809,-6.693494,2022-01-21T23:19:43
"Lynx pardinus (Temminck, 1827)",Spain,38.119151,-3.828095,2022-01-21T13:34Z
"Lynx pardinus (Temminck, 1827)",Spain,38.279377,-4.153831,2022-01-28T17:19
"Lynx pardinus (Temminck, 1827)",Spain,37.047521,-6.458293,2022-01-02T09:31:46
"Lynx pardinus (Temminck, 1827)",Spain,38.334014,-3.845191,2022-02-07T11:58:22
"Lynx pardinus (Temminck, 1827)",Portugal,37.499336,-7.673532,2022-02-24T16:20Z
"Lynx pardinus (Temminck, 1827)",Portugal,37.771591,-7.870389,2022-02-20T13:06:20Z
"Lynx pardinus (Temminck, 1827)",Portugal,37.657621,-7.74845,2022-02-12T10:00
"Lynx pardinus (Temminck, 1827)",Portugal,37.752589,-7.612642,2022-04-11T11:25:15
"Lynx pardinus (Temminck, 1827)",Portugal,37.785737,-7.603376,2022-04-11T11:42:38
"Lynx pardinus (Temminck, 1827)",Portugal,37.679225,-7.68019,2022-04-11T10:50:58
"Lynx pardinus (Temminck, 1827)",Spain,37.314748,-6.386758,2022-04-09T20:07
"Lynx pardinus (Temminck, 1827)",Spain,37.008708,-6.589072,2022-04-13T07:10
"Lynx pardinus (Temminck, 1827)",Spain,37.23697,-6.192269,2022-04-08T18:05:16
"Lynx pardinus (Temminck, 1827)",Portugal,37.7689,-7.860493,2022-04-05T14:25
"Lynx pardinus (Temminck, 1827)",Spain,37.00348,-6.476769,2022-04-23T09:35
"Lynx pardinus (Temminck, 1827)",Spain,38.298937,-4.079059,2022-05-18T12:49
"Lynx pardinus (Temminck, 1827)",Spain,38.34585,-3.842416,2022-06-26T21:51
"Lynx pardinus (Temminck, 1827)",Spain,38.480151,-3.549486,2022-06-16T03:40:03
"Lynx pardinus (Temminck, 1827)",Spain,38.530933,-3.586334,2022-07-28
"Lynx pardinus (Temminck, 1827)",Spain,38.305555,-3.901193,2022-09-10T09:20
"Lynx pardinus (Temminck, 1827)",Spain,38.419138,-3.421072,2022-09-24T18:32
"Lynx pardinus (Temminck, 1827)",Spain,38.133986,-4.192232,2022-09-13T13:33:37
"Lynx pardinus (Temminck, 1827)",Spain,38.252544,-4.15802,2022-10-11T10:54
"Lynx pardinus (Temminck, 1827)",Spain,38.211352,-3.895289,2022-10-12T10:54
"Lynx pardinus (Temminck, 1827)",Spain,38.374687,-4.106201,2022-10-11T10:54
"Lynx pardinus (Temminck, 1827)",Spain,38.31526,-4.144174,2022-10-13T10:54
"Lynx pardinus (Temminck, 1827)",Spain,38.021139,-4.031429,2022-11-19T22:52:06
"Lynx pardinus (Temminck, 1827)",Portugal,37.794036,-7.872072,2022-11-23T16:41Z
"Lynx pardinus (Temminck, 1827)",Spain,37.116585,-6.434728,2022-11-30
"Lynx pardinus (Temminck, 1827)",Spain,37.116613,-6.436735,2022-11-30
"Lynx pardinus (Temminck, 1827)",Spain,37.117927,-6.437613,2022-11-30
"Lynx pardinus (Temminck, 1827)",Spain,37.125005,-6.443602,2022-11-30
"Lynx pardinus (Temminck, 1827)",Spain,37.045085,-6.552002,2022-11-29
"Lynx pardinus (Temminck, 1827)",Spain,37.049438,-6.549433,2022-11-29
"Lynx pardinus (Temminck, 1827)",Spain,37.046553,-6.551142,2022-11-29
"Lynx pardinus (Temminck, 1827)",Spain,37.126223,-6.444798,2022-11-30
"Lynx pardinus (Temminck, 1827)",Spain,37.128557,-6.446775,2022-11-30
"Lynx pardinus (Temminck, 1827)",Spain,37.056193,-6.545382,2022-11-30
"Lynx pardinus (Temminck, 1827)",Spain,37.053975,-6.5467,2022-11-30
"Lynx pardinus (Temminck, 1827)",Spain,37.054815,-6.546202,2022-11-30
"Lynx pardinus (Temminck, 1827)",Spain,37.046125,-6.551423,2022-11-30
"Lynx pardinus (Temminck, 1827)",Spain,37.125767,-6.444277,2022-11-29
"Lynx pardinus (Temminck, 1827)",Spain,37.117913,-6.437608,2022-11-29
"Lynx pardinus (Temminck, 1827)",Spain,37.011067,-6.556665,2022-11-29
"Lynx pardinus (Temminck, 1827)",Spain,37.008882,-6.553408,2022-11-29
"Lynx pardinus (Temminck, 1827)",Portugal,37.470211,-7.699989,2022-12-18T08:24:18Z
"Lynx pardinus (Temminck, 1827)",Spain,38.317249,-3.907685,2022-12-17T16:59:10
"Lynx pardinus (Temminck, 1827)",Spain,38.359127,-3.821817,2022-12-29T11:32:12
"Lynx pardinus (Temminck, 1827)",Spain,38.17756,-4.002109,2022-12-19T08:46
"Lynx pardinus (Temminck, 1827)",Spain,38.192972,-4.028705,2022-12-21T12:51
"Lynx pardinus (Temminck, 1827)",Spain,38.250367,-3.960709,2022-12-30T11:39:43
"Lynx pardinus (Temminck, 1827)",Spain,38.043631,-3.84292,2022-12-31T15:30:50
"Lynx pardinus (Temminck, 1827)",Spain,38.125122,-3.98815,2022-12-21
"Lynx pardinus (Temminck, 1827)",Spain,38.301475,-3.875611,2022-12-21
"Lynx pardinus (Temminck, 1827)",Spain,38.87042,-5.832367,2021-01-17
"Lynx pardinus (Temminck, 1827)",Spain,37.105108,-6.487029,2021-03-20
"Lynx pardinus (Temminck, 1827)",Spain,38.3279,-3.939582,2021-05-15T20:37
"Lynx pardinus (Temminck, 1827)",Spain,38.277674,-3.987109,2021-06-07T12:08
"Lynx pardinus (Temminck, 1827)",Spain,37.27192,-6.222472,2021-06-30T21:56:52
"Lynx pardinus (Temminck, 1827)",Spain,37.133934,-6.456332,2021-06-08
"Lynx pardinus (Temminck, 1827)",Portugal,37.725453,-7.672891,2021-07-25
"Lynx pardinus (Temminck, 1827)",Spain,38.353126,-3.944614,2021-07-11T08:14
"Lynx pardinus (Temminck, 1827)",Spain,37.015461,-6.531736,2021-07-16T12:55
"Lynx pardinus (Temminck, 1827)",Spain,38.056936,-3.985842,2021-11-24T11:40
"Lynx pardinus (Temminck, 1827)",Spain,38.120982,-4.039195,2021-12-18T17:38:57
"Lynx pardinus (Temminck, 1827)",Spain,37.046114,-6.438519,2021-12-29T19:23
"Lynx pardinus (Temminck, 1827)",Spain,38.167256,-4.06834,2021-12-23T11:31:46
"Lynx pardinus (Temminck, 1827)",Spain,38.249307,-3.936248,2020-01-13T17:59
"Lynx pardinus (Temminck, 1827)",Spain,38.16891,-3.970357,2020-01-19
"Lynx pardinus (Temminck, 1827)",Spain,38.16891,-3.970357,2020-01-19
"Lynx pardinus (Temminck, 1827)",Spain,38.16891,-3.970357,2020-01-19
"Lynx pardinus (Temminck, 1827)",Spain,38.218461,-3.913084,2020-01-19
"Lynx pardinus (Temminck, 1827)",Spain,38.16891,-3.970357,2020-01-17
"Lynx pardinus (Temminck, 1827)",Spain,38.16891,-3.970357,2020-01-05
"Lynx pardinus (Temminck, 1827)",Spain,38.296019,-3.977585,2020-01-10T12:53:52Z
"Lynx pardinus (Temminck, 1827)",Spain,38.209537,-4.186698,2020-01-05T12:59
"Lynx pardinus (Temminck, 1827)",Spain,38.370924,-4.097459,2020-01-10T07:29
"Lynx pardinus (Temminck, 1827)",Spain,38.203361,-4.123219,2020-01-10T08:44
"Lynx pardinus (Temminck, 1827)",Spain,38.201377,-4.005095,2020-01-11T09:12
"Lynx pardinus (Temminck, 1827)",Spain,38.294935,-4.172728,2020-01-11T12:49
"Lynx pardinus (Temminck, 1827)",Spain,38.374581,-4.124533,2020-01-12T12:49
"Lynx pardinus (Temminck, 1827)",Portugal,37.744681,-7.640617,2020-03-07T00:21
"Lynx pardinus (Temminck, 1827)",Spain,39.758884,-4.406503,2020-08-15
"Lynx pardinus (Temminck, 1827)",Spain,37.048161,-6.559806,2020-08-12
"Lynx pardinus (Temminck, 1827)",Spain,38.172239,-3.399581,2020-09-07
"Lynx pardinus (Temminck, 1827)",Spain,38.396193,-4.082229,2020-10-11T18:03:27
"Lynx pardinus (Temminck, 1827)",Spain,37.11185,-6.481475,2020-11-12
"Lynx pardinus (Temminck, 1827)",Spain,37.055947,-6.545523,2020-11-11
"Lynx pardinus (Temminck, 1827)",Spain,37.053845,-6.546783,2020-11-11
"Lynx pardinus (Temminck, 1827)",Spain,37.052808,-6.547425,2020-11-11
"Lynx pardinus (Temminck, 1827)",Spain,37.049225,-6.549582,2020-11-11
"Lynx pardinus (Temminck, 1827)",Spain,37.046148,-6.55138,2020-11-11
"Lynx pardinus (Temminck, 1827)",Spain,37.045712,-6.551633,2020-11-11
"Lynx pardinus (Temminck, 1827)",Spain,37.04552,-6.551737,2020-11-11
"Lynx pardinus (Temminck, 1827)",Spain,37.116133,-6.435348,2020-11-13
"Lynx pardinus (Temminck, 1827)",Spain,37.120635,-6.439908,2020-11-13
"Lynx pardinus (Temminck, 1827)",Spain,38.371113,-3.880549,2019-01-12T17:02
"Lynx pardinus (Temminck, 1827)",Spain,38.101115,-4.090953,2019-01-05T19:15
"Lynx pardinus (Temminck, 1827)",Spain,38.372884,-3.892823,2019-01-11T19:33
"Lynx pardinus (Temminck, 1827)",Spain,38.272847,-3.85996,2019-01-03T00:49
"Lynx pardinus (Temminck, 1827)",Spain,38.2813,-4.000435,2019-02-18T00:00
"Lynx pardinus (Temminck, 1827)",Spain,38.2813,-4.000435,2019-02-17T00:00
"Lynx pardinus (Temminck, 1827)",Spain,37.125134,-6.498349,2019-03-18T00:00
"Lynx pardinus (Temminck, 1827)",Spain,37.125134,-6.498349,2019-04-03T00:00
"Lynx pardinus (Temminck, 1827)",Spain,37.136353,-6.392741,2019-04-05T00:00
"Lynx pardinus (Temminck, 1827)",Spain,37.135139,-6.532058,2019-04-03T00:00
"Lynx pardinus (Temminck, 1827)",Spain,37.167583,-6.580825,2019-05-28T09:07:53
"Lynx pardinus (Temminck, 1827)",Spain,38.223533,-4.097731,2019-05-27T12:49
"Lynx pardinus (Temminck, 1827)",Spain,38.295618,-4.076712,2019-05-28T12:49
"Lynx pardinus (Temminck, 1827)",Spain,37.396049,-6.378606,2019-06-01T11:10
"Lynx pardinus (Temminck, 1827)",Spain,38.245063,-4.624952,2019-08-25T15:40
"Lynx pardinus (Temminck, 1827)",Spain,37.311899,-6.056536,2019-09-10T20:18
"Lynx pardinus (Temminck, 1827)",Spain,37.034327,-6.48404,2019-10-24T10:29:44
"Lynx pardinus (Temminck, 1827)",Spain,38.301792,-3.979849,2019-10-18
"Lynx pardinus (Temminck, 1827)",Spain,37.050062,-6.553371,2019-11-23
"Lynx pardinus (Temminck, 1827)",Spain,38.205133,-3.947996,2019-12-18
"Lynx pardinus (Temminck, 1827)",Spain,37.049583,-6.553197,2019-12-19
"Lynx pardinus (Temminck, 1827)",Spain,37.078313,-6.508437,2019-12-04
"Lynx pardinus (Temminck, 1827)",Spain,37.080178,-6.50648,2019-12-04
"Lynx pardinus (Temminck, 1827)",Spain,37.053592,-6.546927,2019-12-11
"Lynx pardinus (Temminck, 1827)",Spain,37.046411,-6.573505,2018-01-22T08:16
"Lynx pardinus (Temminck, 1827)",Spain,38.049097,-4.192493,2018-01-03T10:35:16
"Lynx pardinus (Temminck, 1827)",Spain,38.393484,-3.968613,2018-01-20
"Lynx pardinus (Temminck, 1827)",Spain,38.329275,-4.165309,2018-01-23T17:27
"Lynx pardinus (Temminck, 1827)",Spain,38.265763,-3.967357,2018-02-01T11:04
"Lynx pardinus (Temminck, 1827)",Spain,38.30701,-3.97131,2018-02-03T10:18
"Lynx pardinus (Temminck, 1827)",Spain,38.156967,-4.00177,2018-02-18T00:00
"Lynx pardinus (Temminck, 1827)",Spain,38.369546,-3.808771,2018-02-03T12:24
"Lynx pardinus (Temminck, 1827)",Spain,37.126163,-6.587161,2018-04-23T07:30
"Lynx pardinus (Temminck, 1827)",Spain,38.20846,-3.9533,2018-04-21
"Lynx pardinus (Temminck, 1827)",Spain,38.20846,-3.9533,2018-04-21
"Lynx pardinus (Temminck, 1827)",Spain,38.2079,-3.95338,2018-04-19
"Lynx pardinus (Temminck, 1827)",Spain,38.389636,-4.181458,2018-06-27T15:29Z
"Lynx pardinus (Temminck, 1827)",Spain,38.054525,-3.80761,2018-06-04T11:26:26
"Lynx pardinus (Temminck, 1827)",Spain,38.338963,-3.848475,2018-06-04T19:28:08
"Lynx pardinus (Temminck, 1827)",Spain,37.028952,-6.481057,2018-07-16
"Lynx pardinus (Temminck, 1827)",Spain,37.079665,-6.525391,2018-07-16
"Lynx pardinus (Temminck, 1827)",Spain,37.149323,-6.421934,2018-07-16
"Lynx pardinus (Temminck, 1827)",Spain,37.084874,-6.587262,2018-09-26T18:01:31
"Lynx pardinus (Temminck, 1827)",Spain,37.119692,-6.439102,2018-11-29
"Lynx pardinus (Temminck, 1827)",Spain,37.119417,-6.438903,2018-11-29
"Lynx pardinus (Temminck, 1827)",Spain,37.117143,-6.437037,2018-11-27
"Lynx pardinus (Temminck, 1827)",Spain,38.339025,-3.968148,2018-12-16
"Lynx pardinus (Temminck, 1827)",Portugal,37.673276,-7.796963,2018
"Lynx pardinus (Temminck, 1827)",Portugal,37.714982,-7.575945,2018
"Aquila adalberti C.L.Brehm, 1861",Spain,39.460901,-6.163978,2025-01-03
"Aquila adalberti C.L.Brehm, 1861",Spain,40.784913,-3.765234,2025-01-01T13:52
"Aquila adalberti C.L.Brehm, 1861",Spain,38.195644,-3.981949,2025-01-02T17:20
"Aquila adalberti C.L.Brehm, 1861",Spain,38.207353,-3.886734,2025-01-02T13:35
"Aquila adalberti C.L.Brehm, 1861",Spain,38.162022,-3.932992,2025-01-01T16:34
"Aquila adalberti C.L.Brehm, 1861",Spain,40.731997,-3.676278,2025-01-01T13:53
"Aquila adalberti C.L.Brehm, 1861",Spain,40.781125,-3.812162,2025-01-01T13:36
"Aquila adalberti C.L.Brehm, 1861",Spain,37.107408,-6.337751,2025-01-02
"Aquila adalberti C.L.Brehm, 1861",Portugal,38.163952,-7.240692,2025-01-12T14:30Z
"Aquila adalberti C.L.Brehm, 1861",Spain,38.272025,-3.876714,2025-01-07T15:49
"Aquila adalberti C.L.Brehm, 1861",Spain,40.755548,-3.802577,2025-01-03T11:16
"Aquila adalberti C.L.Brehm, 1861",Spain,38.231408,-3.844399,2025-01-07T17:08
"Aquila adalberti C.L.Brehm, 1861",Spain,40.528435,-3.672639,2025-01-11T10:45
"Aquila adalberti C.L.Brehm, 1861",Spain,40.545175,-3.690363,2025-01-12T17:33:22
"Aquila adalberti C.L.Brehm, 1861",Spain,40.654974,-3.999823,2025-01-11T13:33
"Aquila adalberti C.L.Brehm, 1861",Spain,38.221887,-3.827134,2025-01-07T16:07
"Aquila adalberti C.L.Brehm, 1861",Spain,38.252991,-3.838685,2025-01-07T15:30
"Aquila adalberti C.L.Brehm, 1861",Spain,40.625593,-3.834951,2025-01-11T13:32
"Aquila adalberti C.L.Brehm, 1861",Spain,38.286963,-3.82412,2025-01-07T16:08
"Aquila adalberti C.L.Brehm, 1861",Spain,40.613874,-3.645916,2025-01-04
"Aquila adalberti C.L.Brehm, 1861",Spain,40.613874,-3.645916,2025-01-04
"Aquila adalberti C.L.Brehm, 1861",Spain,39.426313,-6.283445,2025-01-19
"Aquila adalberti C.L.Brehm, 1861",Spain,40.613874,-3.645916,2025-01-04
"Aquila adalberti C.L.Brehm, 1861",Spain,40.613874,-3.645916,2025-01-04
"Aquila adalberti C.L.Brehm, 1861",Spain,40.613874,-3.645916,2025-01-04
"Aquila adalberti C.L.Brehm, 1861",Spain,40.613874,-3.645916,2025-01-04
"Aquila adalberti C.L.Brehm, 1861",Portugal,38.178685,-7.062853,2025-01-29
"Aquila adalberti C.L.Brehm, 1861",Spain,38.213505,-3.961356,2025-01-29
"Aquila adalberti C.L.Brehm, 1861",Spain,38.203993,-3.960459,2025-01-30
"Aquila adalberti C.L.Brehm, 1861",Spain,38.63,-1.5,2025-01-22
"Aquila adalberti C.L.Brehm, 1861",Spain,37.47,-3.32,2025-01-18
"Aquila adalberti C.L.Brehm, 1861",Spain,38.29944,-3.804878,2025-01-13T02:31
"Aquila adalberti C.L.Brehm, 1861",Portugal,37.750146,-7.781148,2025-01-18T16:44Z
"Aquila adalberti C.L.Brehm, 1861",Portugal,37.650553,-7.670565,2025-01-18T17:23Z
"Aquila adalberti C.L.Brehm, 1861",Spain,38.113889,-3.961102,2025-01-18T13:55
"Aquila adalberti C.L.Brehm, 1861",Portugal,39.68804,-7.028131,2025-01-12T13:03Z
"Aquila adalberti C.L.Brehm, 1861",Spain,40.465915,-3.704611,2025-01-19T13:44
"Aquila adalberti C.L.Brehm, 1861",Spain,40.592908,-3.625232,2025-01-17T11:29
"Aquila adalberti C.L.Brehm, 1861",Spain,39.596997,-2.136736,2025-01-20T12:43
"Aquila adalberti C.L.Brehm, 1861",Spain,40.744559,-3.764293,2025-01-03T11:18
"Aquila adalberti C.L.Brehm, 1861",Spain,40.620958,-3.639752,2025-01-28T10:19
"Aquila adalberti C.L.Brehm, 1861",Spain,38.19745,-3.969154,2025-01-30
"Aquila adalberti C.L.Brehm, 1861",Spain,39.789567,-4.310124,2025-01-02T15:35:57
"Aquila adalberti C.L.Brehm, 1861",Spain,39.803669,-4.052354,2025-01-18T12:44
"Aquila adalberti C.L.Brehm, 1861",Spain,40.715772,-3.755084,2025-01-17T11:40
"Aquila adalberti C.L.Brehm, 1861",Spain,40.747391,-3.725615,2025-01-17T11:43
"Aquila adalberti C.L.Brehm, 1861",Spain,40.4043,-3.9993,2025-01-19
"Aquila adalberti C.L.Brehm, 1861",Spain,38.2482,-3.4032,2025-01-19
"Aquila adalberti C.L.Brehm, 1861",Spain,38.2482,-3.4032,2025-01-19
"Aquila adalberti C.L.Brehm, 1861",Spain,38.023024,-4.186717,2025-01-18T11:10
"Aquila adalberti C.L.Brehm, 1861",Spain,37.623478,-2.701463,2025-01-10T13:10:00.060Z
"Aquila adalberti C.L.Brehm, 1861",Spain,37.073436,-6.378098,2025-01-18T10:26:16.752Z
"Aquila adalberti C.L.Brehm, 1861",Spain,36.268271,-5.815077,2025-01-23T12:20:13Z
"Aquila adalberti C.L.Brehm, 1861",Spain,37.679986,-2.671745,2025-01-10T13:05:10.434Z
"Aquila adalberti C.L.Brehm, 1861",Spain,38.190269,-3.929775,2025-02-01
"Aquila adalberti C.L.Brehm, 1861",Spain,38.213535,-3.961386,2025-02-01
"Aquila adalberti C.L.Brehm, 1861",Spain,38.198265,-3.935433,2025-02-02
"Aquila adalberti C.L.Brehm, 1861",Spain,38.215843,-3.962827,2025-02-04
"Aquila adalberti C.L.Brehm, 1861",Spain,38.917583,-1.461654,2025-02-09
"Aquila adalberti C.L.Brehm, 1861",Portugal,37.616505,-7.913305,2025-02-02T09:27Z
"Aquila adalberti C.L.Brehm, 1861",Spain,40.715687,-3.645825,2025-02-01T16:20
"Aquila adalberti C.L.Brehm, 1861",Spain,40.720502,-3.799729,2025-02-01T14:52
"Aquila adalberti C.L.Brehm, 1861",Spain,40.373598,-3.434687,2025-02-02T13:46
"Aquila adalberti C.L.Brehm, 1861",Portugal,37.690782,-7.816962,2025-02-02T09:29Z
"Aquila adalberti C.L.Brehm, 1861",Spain,38.390122,-3.82533,2025-02-08
"Aquila adalberti C.L.Brehm, 1861",Portugal,37.664562,-7.89972,2025-02-11
"Aquila adalberti C.L.Brehm, 1861",Spain,39.554058,-6.006189,2025-02-13
"Aquila adalberti C.L.Brehm, 1861",Portugal,37.665342,-7.896423,2025-02-11
"Aquila adalberti C.L.Brehm, 1861",Portugal,37.80322,-7.981018,2025-02-12
"Aquila adalberti C.L.Brehm, 1861",Spain,39.562458,-5.98383,2025-02-13
"Aquila adalberti C.L.Brehm, 1861",Spain,39.863792,-3.756438,2025-02-14T12:28
"Aquila adalberti C.L.Brehm, 1861",Spain,39.808831,-3.60943,2025-02-14T12:33
"Aquila adalberti C.L.Brehm, 1861",Spain,40.726533,-3.619695,2025-02-07T10:11
"Aquila adalberti C.L.Brehm, 1861",Portugal,37.740188,-7.974226,2025-02-08T08:00Z
"Aquila adalberti C.L.Brehm, 1861",Spain,37.058025,-6.306022,2025-02-15T17:24:48
"Aquila adalberti C.L.Brehm, 1861",Spain,40.764241,-3.982765,2025-02-14T14:11
"Aquila adalberti C.L.Brehm, 1861",Spain,40.441823,-3.743746,2025-02-16T18:04
"Aquila adalberti C.L.Brehm, 1861",Spain,39.829309,-6.060742,2025-02-06
"Aquila adalberti C.L.Brehm, 1861",Spain,39.505928,-6.115743,2025-02-17
"Aquila adalberti C.L.Brehm, 1861",Portugal,37.665555,-7.900176,2025-02-11
"Aquila adalberti C.L.Brehm, 1861",Spain,39.505951,-6.115772,2025-02-11
"Aquila adalberti C.L.Brehm, 1861",Spain,39.506123,-6.115571,2025-02-05
"Aquila adalberti C.L.Brehm, 1861",Portugal,37.65,-7.96,2025-02-19
"Aquila adalberti C.L.Brehm, 1861",Spain,39.505993,-6.115735,2025-02-18
"Aquila adalberti C.L.Brehm, 1861",Portugal,37.762432,-8.008791,2025-02-22
"Aquila adalberti C.L.Brehm, 1861",Spain,38.213455,-3.961364,2025-02-14
"Aquila adalberti C.L.Brehm, 1861",Spain,39.471644,-3.275866,2025-02-17T10:40
"Aquila adalberti C.L.Brehm, 1861",Spain,40.66023,-3.734278,2025-02-21T11:53
"Aquila adalberti C.L.Brehm, 1861",Spain,40.33143,-4.38246,2025-02-23T10:51
"Aquila adalberti C.L.Brehm, 1861",Portugal,37.629501,-7.87773,2025-02-24T12:30:09Z
"Aquila adalberti C.L.Brehm, 1861",Spain,37.073521,-6.37791,2025-02-27
"Aquila adalberti C.L.Brehm, 1861",Portugal,37.75751,-7.897004,2025-02-24T11:22:19Z
"Aquila adalberti C.L.Brehm, 1861",Spain,40.757695,-3.678607,2025-02-11T16:44:40
"Aquila adalberti C.L.Brehm, 1861",Spain,40.726566,-3.603347,2025-02-07T10:00
"Aquila adalberti C.L.Brehm, 1861",Spain,40.679001,-3.606586,2025-02-21T11:10
"Aquila adalberti C.L.Brehm, 1861",Spain,40.758665,-3.756425,2025-02-07T10:12
"Aquila adalberti C.L.Brehm, 1861",Spain,40.60461,-3.672039,2025-02-21T11:15
"Aquila adalberti C.L.Brehm, 1861",Spain,39.746071,-6.337223,2025-02-28T14:25
"Aquila adalberti C.L.Brehm, 1861",Spain,40.786222,-3.61737,2025-02-07T10:15
"Aquila adalberti C.L.Brehm, 1861",Spain,40.765712,-3.794669,2025-02-21T10:59
"Aquila adalberti C.L.Brehm, 1861",Spain,40.649404,-3.776776,2025-02-21T11:06
"Aquila adalberti C.L.Brehm, 1861",Spain,40.749202,-3.615109,2025-02-21T11:42
"Aquila adalberti C.L.Brehm, 1861",Spain,40.766657,-3.790133,2025-02-17T10:59
"Aquila adalberti C.L.Brehm, 1861",Spain,40.731866,-3.664868,2025-02-17T10:58
"Aquila adalberti C.L.Brehm, 1861",Spain,40.771994,-3.6166,2025-02-17T12:24
"Aquila adalberti C.L.Brehm, 1861",Spain,40.632293,-3.740221,2025-02-20T12:13
"Aquila adalberti C.L.Brehm, 1861",Spain,40.540226,-3.786136,2025-02-24T10:27:10
"Aquila adalberti C.L.Brehm, 1861",Spain,40.490981,-4.096146,2025-02-16T14:43
"Aquila adalberti C.L.Brehm, 1861",Spain,40.682173,-3.62712,2025-02-21T11:55
"Aquila adalberti C.L.Brehm, 1861",Spain,40.787856,-3.74479,2025-02-21T11:14
"Aquila adalberti C.L.Brehm, 1861",Spain,40.782948,-3.63519,2025-02-23T16:42
"Aquila adalberti C.L.Brehm, 1861",Spain,40.702544,-3.782785,2025-02-23T16:40
"Aquila adalberti C.L.Brehm, 1861",Spain,40.529266,-3.624986,2025-02-25T13:34
"Aquila adalberti C.L.Brehm, 1861",Spain,40.757319,-3.764405,2025-02-21T11:17
"Aquila adalberti C.L.Brehm, 1861",Spain,40.525479,-3.771615,2025-02-28T10:18
"Aquila adalberti C.L.Brehm, 1861",Spain,40.48548,-3.77375,2025-02-28T10:21
"Aquila adalberti C.L.Brehm, 1861",Spain,40.436127,-3.692254,2025-02-28T10:17
"Aquila adalberti C.L.Brehm, 1861",Spain,40.430368,-3.696443,2025-02-28T10:04
"Aquila adalberti C.L.Brehm, 1861",Spain,41.2788,-5.6508,2025-02-16
"Aquila adalberti C.L.Brehm, 1861",Spain,41.2788,-5.6508,2025-02-16
"Aquila adalberti C.L.Brehm, 1861",Spain,41.2788,-5.6508,2025-02-16
"Aquila adalberti C.L.Brehm, 1861",Spain,41.2788,-5.6508,2025-02-16
"Aquila adalberti C.L.Brehm, 1861",Spain,42.362432,-5.533999,2025-02-18T17:16
"Aquila adalberti C.L.Brehm, 1861",Spain,40.549814,-3.466399,2025-02-25T11:46
"Aquila adalberti C.L.Brehm, 1861",Spain,36.370294,-5.729875,2025-02-25T06:54
"Aquila adalberti C.L.Brehm, 1861",Spain,37.46,-3.35,2025-02-14
"Aquila adalberti C.L.Brehm, 1861",Spain,37.114444,-6.449913,2025-02-19T07:00:50.209Z
"Aquila adalberti C.L.Brehm, 1861",Spain,38.558777,-6.059575,2025-02-28T00:00
"Aquila adalberti C.L.Brehm, 1861",Spain,40.542317,-3.658856,2025-02-05T11:09
"Aquila adalberti C.L.Brehm, 1861",Spain,37.07336,-6.377012,2025-03-02
"Aquila adalberti C.L.Brehm, 1861",Spain,37.129171,-6.420451,2025-03-06
"Aquila adalberti C.L.Brehm, 1861",Spain,41.789028,-5.949716,2025-03-05
"Aquila adalberti C.L.Brehm, 1861",Spain,39.559542,-6.316452,2025-03-06
"Aquila adalberti C.L.Brehm, 1861",Spain,39.473835,-6.238861,2025-03-19
"Aquila adalberti C.L.Brehm, 1861",Portugal,39.072222,-7.706381,2025-03-01T17:29:47Z
"Aquila adalberti C.L.Brehm, 1861",Portugal,39.094371,-7.663159,2025-03-01T17:35:05Z
"Aquila adalberti C.L.Brehm, 1861",Spain,40.473386,-3.738327,2025-03-04T13:04
"Aquila adalberti C.L.Brehm, 1861",Spain,41.826104,-5.687114,2025-03-04T18:32
"Aquila adalberti C.L.Brehm, 1861",Spain,40.469561,-3.732474,2025-03-04T13:45
"Aquila adalberti C.L.Brehm, 1861",Spain,40.788689,-3.700133,2025-03-09T10:38
"Aquila adalberti C.L.Brehm, 1861",Spain,40.556811,-3.794943,2025-03-15T17:52
"Aquila adalberti C.L.Brehm, 1861",Spain,40.489802,-3.734224,2025-03-19T14:15
"Aquila adalberti C.L.Brehm, 1861",Spain,38.300462,-3.893041,2025-03-05T08:36
"Aquila adalberti C.L.Brehm, 1861",Spain,40.704237,-3.73103,2025-03-23T11:14:47
"Aquila adalberti C.L.Brehm, 1861",Spain,38.316688,-3.911939,2025-03-06T09:39
"Aquila adalberti C.L.Brehm, 1861",Spain,38.287591,-3.926089,2025-03-05T13:01
"Aquila adalberti C.L.Brehm, 1861",Spain,40.516615,-3.706602,2025-03-25T11:24:07
"Aquila adalberti C.L.Brehm, 1861",Spain,38.207708,-3.978987,2025-03-06T09:39
"Aquila adalberti C.L.Brehm, 1861",Spain,40.605587,-3.720776,2025-03-27T13:08
"Aquila adalberti C.L.Brehm, 1861",Spain,40.764733,-3.730718,2025-03-27T13:08
"Aquila adalberti C.L.Brehm, 1861",Spain,40.606909,-3.662901,2025-03-27T13:09
"Aquila adalberti C.L.Brehm, 1861",Spain,40.743724,-3.970938,2025-03-28T11:00
"Aquila adalberti C.L.Brehm, 1861",Spain,40.795321,-3.747146,2025-03-27T13:02
"Aquila adalberti C.L.Brehm, 1861",Spain,40.628806,-3.729662,2025-03-27T13:08
"Aquila adalberti C.L.Brehm, 1861",Spain,40.678735,-3.452533,2025-03-30T13:00
"Aquila adalberti C.L.Brehm, 1861",Spain,40.625383,-3.489543,2025-03-30T13:00
"Aquila adalberti C.L.Brehm, 1861",Spain,40.684567,-3.893145,2025-03-28T10:59
"Aquila adalberti C.L.Brehm, 1861",Spain,40.675308,-3.881379,2025-03-28T11:01
"Aquila adalberti C.L.Brehm, 1861",Spain,40.755963,-3.473527,2025-03-30T12:40
"Aquila adalberti C.L.Brehm, 1861",Spain,40.17952,-4.403178,2025-03-30T18:59
"Aquila adalberti C.L.Brehm, 1861",Spain,40.706671,-3.699168,2025-03-09T10:38
"Aquila adalberti C.L.Brehm, 1861",Spain,40.737287,-3.63141,2025-03-23T11:40
"Aquila adalberti C.L.Brehm, 1861",Spain,40.139313,-2.030289,2025-03-30T12:01
"Aquila adalberti C.L.Brehm, 1861",Spain,40.692564,-3.61717,2025-03-23T14:48
"Aquila adalberti C.L.Brehm, 1861",Spain,40.623938,-3.764111,2025-03-23T11:39
"Aquila adalberti C.L.Brehm, 1861",Spain,40.772334,-3.63811,2025-03-23T14:44
"Aquila adalberti C.L.Brehm, 1861",Spain,40.707549,-3.749391,2025-03-24T11:44
"Aquila adalberti C.L.Brehm, 1861",Spain,40.614039,-3.768975,2025-03-24T12:28
"Aquila adalberti C.L.Brehm, 1861",Spain,40.790259,-3.954657,2025-03-28T10:50
"Aquila adalberti C.L.Brehm, 1861",Spain,40.656228,-3.618155,2025-03-24T12:16
"Aquila adalberti C.L.Brehm, 1861",Spain,40.645995,-3.656136,2025-03-24T12:16
"Aquila adalberti C.L.Brehm, 1861",Spain,40.704405,-3.750008,2025-03-23T11:43
"Aquila adalberti C.L.Brehm, 1861",Spain,40.722956,-3.835312,2025-03-28T10:49
"Aquila adalberti C.L.Brehm, 1861",Spain,40.607122,-3.686794,2025-03-24T13:00
"Aquila adalberti C.L.Brehm, 1861",Spain,40.749597,-3.683942,2025-03-24T12:20
"Aquila adalberti C.L.Brehm, 1861",Portugal,37.578622,-7.731012,2025-03-07T07:51:44Z
"Aquila adalberti C.L.Brehm, 1861",Spain,40.665817,-3.695906,2025-03-28T11:04
"Aquila adalberti C.L.Brehm, 1861",Spain,40.630729,-3.787994,2025-03-27T17:41
"Aquila adalberti C.L.Brehm, 1861",Spain,39.941724,-5.997645,2025-03-16T10:57
"Aquila adalberti C.L.Brehm, 1861",Spain,39.404383,-6.338121,2025-03-06T10:35
"Aquila adalberti C.L.Brehm, 1861",Spain,38.487319,-3.27664,2025-03-29
"Aquila adalberti C.L.Brehm, 1861",Spain,38.488371,-3.262494,2025-03-30
"Aquila adalberti C.L.Brehm, 1861",Spain,38.155941,-3.99789,2025-03-11
"Aquila adalberti C.L.Brehm, 1861",Spain,39.556408,-6.053493,2025-03-24
"Aquila adalberti C.L.Brehm, 1861",Spain,38.208675,-3.959273,2025-03-15
"Aquila adalberti C.L.Brehm, 1861",Spain,38.488347,-3.262207,2025-03-30
"Aquila adalberti C.L.Brehm, 1861",Spain,39.426317,-5.88337,2025-03-24T07:54:27.054Z
"Aquila adalberti C.L.Brehm, 1861",Spain,37.77642,-2.541452,2025-03-08T12:31:57.213Z
"Aquila adalberti C.L.Brehm, 1861",Spain,39.538569,-5.947307,2025-03-24T07:03:34.859Z
"Aquila adalberti C.L.Brehm, 1861",Spain,40.750686,-3.668379,2025-03-24T11:44
"Aquila adalberti C.L.Brehm, 1861",Spain,40.716729,-3.797835,2025-04-01T19:11:51
"Aquila adalberti C.L.Brehm, 1861",Spain,39.480862,-6.018803,2025-04-12
"Aquila adalberti C.L.Brehm, 1861",Spain,40.447122,-4.067811,2025-04-13
"Aquila adalberti C.L.Brehm, 1861",Spain,39.50575,-6.114964,2025-04-16
"Aquila adalberti C.L.Brehm, 1861",Spain,40.764864,-3.460898,2025-04-07T11:47
"Aquila adalberti C.L.Brehm, 1861",Spain,39.667932,-4.26647,2025-04-12T18:44:59
"Aquila adalberti C.L.Brehm, 1861",Spain,40.701686,-3.756499,2025-04-08T10:33
"Aquila adalberti C.L.Brehm, 1861",Spain,39.502737,-6.024346,2025-04-09T15:04
"Aquila adalberti C.L.Brehm, 1861",Spain,39.871217,-5.891718,2025-04-10T15:25
"Aquila adalberti C.L.Brehm, 1861",Spain,39.784505,-2.520157,2025-04-02T09:09
"Aquila adalberti C.L.Brehm, 1861",Spain,38.899316,-3.945692,2025-04-18T11:10:06
"Aquila adalberti C.L.Brehm, 1861",Spain,40.769811,-3.802692,2025-04-07T11:00
"Aquila adalberti C.L.Brehm, 1861",Spain,40.411036,-3.667816,2025-04-04T11:59
"Aquila adalberti C.L.Brehm, 1861",Spain,38.93847,-3.866652,2025-04-18T11:12:38
"Aquila adalberti C.L.Brehm, 1861",Spain,39.603749,-2.35041,2025-04-05T11:23
"Aquila adalberti C.L.Brehm, 1861",Spain,39.785217,-2.350434,2025-04-05T11:19
"Aquila adalberti C.L.Brehm, 1861",Portugal,37.402472,-7.792987,2025-04-08T10:39:51
"Aquila adalberti C.L.Brehm, 1861",Spain,39.703485,-2.213568,2025-04-05T18:42
"Aquila adalberti C.L.Brehm, 1861",Spain,40.66453,-3.610058,2025-04-22T14:06
"Aquila adalberti C.L.Brehm, 1861",Spain,38.751744,-2.848131,2025-04-09T19:43:31
"Aquila adalberti C.L.Brehm, 1861",Spain,38.500326,-2.837558,2025-04-10T18:48:08
"Aquila adalberti C.L.Brehm, 1861",Spain,40.703818,-3.708165,2025-04-07T09:14
"Aquila adalberti C.L.Brehm, 1861",Spain,38.547847,-3.482065,2025-04-23
"Aquila adalberti C.L.Brehm, 1861",Spain,40.620295,-3.736492,2025-04-23T10:56
"Aquila adalberti C.L.Brehm, 1861",Spain,40.669298,-3.703297,2025-04-23T11:15
"Aquila adalberti C.L.Brehm, 1861",Spain,40.756852,-3.796469,2025-04-23T10:57
"Aquila adalberti C.L.Brehm, 1861",Spain,40.610611,-3.786396,2025-04-23T10:55
"Aquila adalberti C.L.Brehm, 1861",Portugal,39.86223,-7.439184,2025-04-26T17:36
"Aquila adalberti C.L.Brehm, 1861",Portugal,37.607738,-7.895621,2025-04-25T14:57
"Aquila adalberti C.L.Brehm, 1861",Spain,40.271608,-3.61072,2025-04-28T17:14:54
"Aquila adalberti C.L.Brehm, 1861",Portugal,37.793943,-7.896455,2025-04-25T17:08
"Aquila adalberti C.L.Brehm, 1861",Spain,40.138293,-4.84066,2025-04-24T10:19
"Aquila adalberti C.L.Brehm, 1861",Spain,40.720191,-3.693586,2025-04-02T09:24
"Aquila adalberti C.L.Brehm, 1861",Spain,40.77554,-3.675858,2025-04-08T12:01
"Aquila adalberti C.L.Brehm, 1861",Spain,37.056072,-3.710849,2025-04-30T15:27
"Aquila adalberti C.L.Brehm, 1861",Spain,40.609515,-3.725194,2025-04-08T09:34
"Aquila adalberti C.L.Brehm, 1861",Spain,40.742353,-3.653546,2025-04-23T11:55
"Aquila adalberti C.L.Brehm, 1861",Spain,39.544862,-4.855811,2025-04-26T12:19
"Aquila adalberti C.L.Brehm, 1861",Spain,40.738292,-3.628778,2025-04-08T11:59
"Aquila adalberti C.L.Brehm, 1861",Spain,40.762773,-3.612777,2025-04-08T09:38
"Aquila adalberti C.L.Brehm, 1861",Spain,40.650112,-3.766528,2025-04-27T12:25
"Aquila adalberti C.L.Brehm, 1861",Spain,40.795022,-3.670836,2025-04-27T09:43
"Aquila adalberti C.L.Brehm, 1861",Spain,40.760004,-3.608768,2025-04-01T18:12
"Aquila adalberti C.L.Brehm, 1861",Spain,40.694504,-3.7217,2025-04-02T09:24
"Aquila adalberti C.L.Brehm, 1861",Spain,40.715825,-3.613774,2025-04-08T09:44
"Aquila adalberti C.L.Brehm, 1861",Portugal,39.801234,-7.498607,2025-04-27T13:33
"Aquila adalberti C.L.Brehm, 1861",Spain,40.726407,-3.686543,2025-04-08T09:37
"Aquila adalberti C.L.Brehm, 1861",Spain,38.829475,-4.065231,2025-04-06
"Aquila adalberti C.L.Brehm, 1861",Spain,40.37208,-3.224243,2025-04-16T08:06
"Aquila adalberti C.L.Brehm, 1861",Spain,40.732473,-3.627894,2025-04-23T10:46
"Aquila adalberti C.L.Brehm, 1861",Spain,39.856903,-5.959775,2025-04-27
"Aquila adalberti C.L.Brehm, 1861",Spain,39.5642,-6.158318,2025-04-29
"Aquila adalberti C.L.Brehm, 1861",Spain,39.993906,-4.692048,2025-04-03
"Aquila adalberti C.L.Brehm, 1861",Spain,39.477791,-6.155955,2025-04-08
"Aquila adalberti C.L.Brehm, 1861",Spain,39.501052,-6.115695,2025-04-08
"Aquila adalberti C.L.Brehm, 1861",Spain,39.482834,-6.155998,2025-04-11
"Aquila adalberti C.L.Brehm, 1861",Spain,39.480914,-6.018976,2025-04-08
"Aquila adalberti C.L.Brehm, 1861",Spain,39.527566,-6.093022,2025-04-08
"Aquila adalberti C.L.Brehm, 1861",Spain,39.476582,-6.021812,2025-04-08
"Aquila adalberti C.L.Brehm, 1861",Spain,39.527769,-6.092864,2025-04-08
"Aquila adalberti C.L.Brehm, 1861",Spain,39.481746,-6.021216,2025-04-08
"Aquila adalberti C.L.Brehm, 1861",Spain,39.505814,-6.115198,2025-04-16
"Aquila adalberti C.L.Brehm, 1861",Spain,39.488686,-6.147902,2025-04-11
"Aquila adalberti C.L.Brehm, 1861",Spain,39.540096,-5.70948,2025-04-07
"Aquila adalberti C.L.Brehm, 1861",Spain,40.123528,-4.225663,2025-04-14
"Aquila adalberti C.L.Brehm, 1861",Spain,39.480938,-6.021598,2025-04-08
"Aquila adalberti C.L.Brehm, 1861",Spain,39.5008,-6.115582,2025-04-17
"Aquila adalberti C.L.Brehm, 1861",Spain,39.47789,-6.020976,2025-04-08
"Aquila adalberti C.L.Brehm, 1861",Spain,39.505907,-6.115725,2025-04-07
"Aquila adalberti C.L.Brehm, 1861",Spain,39.527589,-6.092943,2025-04-08
"Aquila adalberti C.L.Brehm, 1861",Spain,39.477716,-6.021148,2025-04-08
"Aquila adalberti C.L.Brehm, 1861",Spain,38.835371,-5.314894,2025-04-03
"Aquila adalberti C.L.Brehm, 1861",Spain,39.506488,-6.113323,2025-04-07
"Aquila adalberti C.L.Brehm, 1861",Spain,39.477853,-6.020939,2025-04-08
"Aquila adalberti C.L.Brehm, 1861",Spain,37.878324,-4.778849,2025-04-06
"Aquila adalberti C.L.Brehm, 1861",Spain,39.85,-5.96,2025-04-19
"Aquila adalberti C.L.Brehm, 1861",Portugal,37.755555,-7.691245,2025-04-26T16:12
"Aquila adalberti C.L.Brehm, 1861",Spain,39.580851,-6.083255,2025-04-22T23:39
"Aquila adalberti C.L.Brehm, 1861",Spain,39.47,-6.02,2025-05-01
"Aquila adalberti C.L.Brehm, 1861",Portugal,38.115552,-7.154511,2025-05-01
"Aquila adalberti C.L.Brehm, 1861",Portugal,37.78061,-7.90837,2025-05-11T14:25:46
"Aquila adalberti C.L.Brehm, 1861",Portugal,39.830735,-7.458303,2025-05-03T10:47
"Aquila adalberti C.L.Brehm, 1861",Spain,39.979053,-6.044184,2025-05-03T00:00
"Aquila adalberti C.L.Brehm, 1861",Portugal,37.773327,-7.814432,2025-05-11T14:27
"Aquila adalberti C.L.Brehm, 1861",Portugal,37.608844,-7.938065,2025-05-11T17:56
"Aquila adalberti C.L.Brehm, 1861",Spain,39.531204,-6.167777,2025-05-04T07:55
"Aquila adalberti C.L.Brehm, 1861",Spain,38.646659,-2.89164,2025-05-23T20:55:08
"Aquila adalberti C.L.Brehm, 1861",Portugal,37.925132,-7.39534,2025-05-14T07:29:50
"Aquila adalberti C.L.Brehm, 1861",Spain,40.710242,-3.798811,2025-05-18T12:56
"Aquila adalberti C.L.Brehm, 1861",Spain,40.795442,-4.77344,2025-05-19T18:12
"Aquila adalberti C.L.Brehm, 1861",Spain,40.9301,-3.843147,2025-05-22T15:53
"Aquila adalberti C.L.Brehm, 1861",Spain,38.874602,-1.75796,2025-05-18T15:43:35
"Aquila adalberti C.L.Brehm, 1861",Spain,40.739507,-3.699534,2025-05-27T13:05
"Aquila adalberti C.L.Brehm, 1861",Spain,39.506045,-6.115742,2025-05-01
"Aquila adalberti C.L.Brehm, 1861",Spain,39.48,-6.02,2025-05-01
"Aquila adalberti C.L.Brehm, 1861",Spain,39.855613,-5.960218,2025-05-16
"Aquila adalberti C.L.Brehm, 1861",Spain,38.687895,-6.156532,2025-05-04
"Aquila adalberti C.L.Brehm, 1861",Spain,41.54472,-0.35265,2025-05-08
"Aquila adalberti C.L.Brehm, 1861",Spain,40.616276,-3.789683,2025-05-22T09:05
"Aquila adalberti C.L.Brehm, 1861",Spain,40.344963,-5.217784,2025-05-28
"Aquila adalberti C.L.Brehm, 1861",Spain,40.509417,-3.592336,2025-05-23T14:33
"Aquila adalberti C.L.Brehm, 1861",Spain,40.4105,-3.521109,2025-05-23T13:32
"Aquila adalberti C.L.Brehm, 1861",Spain,40.762565,-3.731163,2025-05-28T09:23
"Aquila adalberti C.L.Brehm, 1861",Spain,40.418562,-3.754512,2025-05-18T11:47
"Aquila adalberti C.L.Brehm, 1861",Spain,39.826395,-6.322025,2025-05-01T13:49:35.028Z
"Aquila adalberti C.L.Brehm, 1861",Spain,36.260215,-5.922068,2025-05-05T11:43:50.797Z
"Aquila adalberti C.L.Brehm, 1861",Spain,37.776735,-2.581134,2025-05-16T08:22:53.415Z
"Aquila adalberti C.L.Brehm, 1861",Spain,39.713385,-2.568894,2025-06-06T15:06
"Aquila adalberti C.L.Brehm, 1861",Spain,38.465377,-2.876397,2025-06-06T17:24:53
"Aquila adalberti C.L.Brehm, 1861",Spain,40.743333,-3.698002,2025-06-04T08:41
